row_uid,attribute,scraped_value,rules_fired,ocr_evidence,image_link
17990,maximum_weight_recommendation,20.0 ton,ton_on_consumer_good,2ES | 0123 4567 8901 2845 | LDEUD 00/00 | 2072077 | H22 | 07:45 | AB 123456789-005 | 25.05.1987 | ЕТ67 988 ЗДОАУК | HO22OHA | H22 | 07:45 | 0123,https://m.media-amazon.com/images/I/81c5vUzOc1L.jpg
43690,maximum_weight_recommendation,52.0 ton,ton_on_consumer_good,HOLD UP TO 52 CUPCAKES | 2 1/2 inch | 6 inch | 4 5/8 inch | 8 inch | 15 3/4 inch | 3 1/2 inch | 10 inch | 1 inch | 12 inch | 12 inch | 2 inch | ,https://m.media-amazon.com/images/I/61Cg4wJ6a5L.jpg
113175,item_volume,40.0 decilitre,percent_as_volume,L'erba della tigre | 96.7% | RIDUCE DEL 40% | SOLE 4 SETTIMANE | 100% Cotone,https://m.media-amazon.com/images/I/81UUPkKNYUL.jpg
55796,wattage,1080.0 horsepower,resolution_as_horsepower,HD 1080P High Resolution,https://m.media-amazon.com/images/I/71+LTd8FSVL.jpg
70815,maximum_weight_recommendation,6.0 ton,ton_on_consumer_good,40 CM | 27 CM | 2 TIER DESIGN | OF UP TO 6 PAIRS | 70 CM,https://m.media-amazon.com/images/I/71nmBKXZ4rL.jpg
31699,maximum_weight_recommendation,10000.0 microgram,microgram_weight_limit,"Ca1000 | 23 г/л | 100% Vegetarian | 10,000 MCG | 5% Crème | otrex600 | 15 kapsie""",https://m.media-amazon.com/images/I/71idD8BenaL.jpg
65660,wattage,1080.0 horsepower,resolution_as_horsepower,90Degree | 1080р,https://m.media-amazon.com/images/I/81BQek9HCkL.jpg
107447,maximum_weight_recommendation,2.0 microgram,microgram_weight_limit,NOIS3CX | 198,https://m.media-amazon.com/images/I/61soqeLTtTL.jpg
12435,wattage,1080.0 horsepower,resolution_as_horsepower,Support up to FULL HD 1080P video resolution,https://m.media-amazon.com/images/I/81u+pTyW9lL.jpg
114858,item_volume,"[3.0, 5.0] gallon",gram_as_gallon,MySuperfoods Organic Chlorella Powder contains high levels of: Vitamin A which contributes to normal function of the imm,https://m.media-amazon.com/images/I/81XOzKqA1BL.jpg
1278,maximum_weight_recommendation,3.0 ton,ton_on_consumer_good,500ml,https://m.media-amazon.com/images/I/61bfNk2pvbL.jpg
92549,maximum_weight_recommendation,13.0 ton,ton_on_consumer_good,"Multiple Combination Use (2+2 Rows) for Deep Narrow Drawer | 95"" | 13 to 26"".J | Multiple Combination Use (1+3 Rows) for Small",https://m.media-amazon.com/images/I/81l7rtllEuL.jpg
41148,wattage,1080.0 horsepower,resolution_as_horsepower,HD 1080P Video Display,https://m.media-amazon.com/images/I/51XureHbLTL.jpg
111500,maximum_weight_recommendation,8.0 ton,ton_on_consumer_good,nevtencet is it net.a | LOTId 3 | 1= Bougog,https://m.media-amazon.com/images/I/71+5Z6yTX0L.jpg
118344,maximum_weight_recommendation,10.5 ton,ton_on_consumer_good,"1 | Support up to 10.5""pad | 2 | 3 | 4 | 2 | 3 | 6 | 4 | 4 | Side Pockets X 2 | 5 | 6",https://m.media-amazon.com/images/I/816bqnvne5S.jpg
29284,maximum_weight_recommendation,1.0 microgram,microgram_weight_limit,00,https://m.media-amazon.com/images/I/710wkgQc9JL.jpg
4310,maximum_weight_recommendation,"[8.0, 21.0] ton",ton_on_consumer_good,"Test Report No.: 244261057a 0 | Item No.: 474020, 474021, 47402 | M001 | M002 | M003 | M004 | Page 1 of 8 | 244261057a 001 | Room 201, B",https://m.media-amazon.com/images/I/81plVeuixeL.jpg
50921,maximum_weight_recommendation,2.0 ton,ton_on_consumer_good,3 Adjustable Strap | 4 Multiutility | 2 | 3 | 4 | 2 Bottle Holder | 2 Elastic Loops,https://m.media-amazon.com/images/I/51BTfIUEBEL.jpg
31341,maximum_weight_recommendation,11.0 ton,ton_on_consumer_good,"*• 12 1. | 2 | 10 | 9, o0l | 100 | YG03 | 100 | YG03 | E09 | Y13 | E09 | B39 | YR04 | B29 | YR04 | B29 | p20 | 0.0 | RV11 | G17 | V09 | G17 | RV11",https://m.media-amazon.com/images/I/71DCElU-T2L.jpg
116207,wattage,1080.0 horsepower,resolution_as_horsepower,Resolutions up to Full HD 1080P,https://m.media-amazon.com/images/I/71qkNRtY6qL.jpg
31602,maximum_weight_recommendation,1.0 microgram,microgram_weight_limit,1/S | C9 | CG3 | 81 | 23 | 22a z°Mole | 60 | 83 7Meie | 11 | 203 | 2OM | L6 | 103,https://m.media-amazon.com/images/I/61MkWFvm5-L.jpg
88571,maximum_weight_recommendation,3.0 microgram,microgram_weight_limit,"a™<d= amın , P=2 | cos 2 (21B) cos! | =2°+2 | ETSI2IY",https://m.media-amazon.com/images/I/71-MI0bQaXL.jpg
44556,maximum_weight_recommendation,10.0 ton,ton_on_consumer_good,1.101 | 40.862 | 150r CnperBehDrve | V0A 1 1703 | 36idd | nо ks7 | 11:30 | /2015 | GATE CLOSES 40 MINUTES BEFORE DEPARTURE | 3 | 10 | 00001 | 20,https://m.media-amazon.com/images/I/71B6cMrXbdL.jpg
15282,maximum_weight_recommendation,120.0 ton,ton_on_consumer_good,,https://m.media-amazon.com/images/I/618wYhtU3IL.jpg
40775,maximum_weight_recommendation,8.0 microgram,microgram_weight_limit,0.5mm | ял28 | 8-8300 | 7-39-23 | 12-DIGIT | 8 | 4 | 9 | 5 | 6 | 2 | 3 | O0 | 42 1sz,https://m.media-amazon.com/images/I/718QOhS9+TL.jpg
47152,item_volume,400.0 gallon,gram_as_gallon,Since 1899 | 1/5 | 400ge | A12can (00g) | 3% | Typical energy values per 100g: 260kJ/62kcal- | : 0.89g 9),https://m.media-amazon.com/images/I/61ook5eUHTL.jpg
76718,wattage,2160.0 horsepower,resolution_as_horsepower,1.2 | 1.3 | 1.4 | AUF HDMI 2.0 KABEL | 4K ULTRA HD 2160P | 3D over HDMI | 4K resolution support | 4K 50/60p support (3840x2160p 60Hz) | ,https://m.media-amazon.com/images/I/81jeUUIWF9L.jpg
76135,item_volume,21.0 gallon,gram_as_gallon,1 MASK | NET WT 21 g/ 0.74 Oz,https://m.media-amazon.com/images/I/710WvVUdg7L.jpg
53499,wattage,1080.0 horsepower,resolution_as_horsepower,ENJOY 4K ULTRA HD | Full HD 1080p | 4K Ultra HD 2160p,https://m.media-amazon.com/images/I/71-rAZCX3XL.jpg
5855,wattage,720.0 horsepower,resolution_as_horsepower,3MP | 4MP | 5MP | 4K | 960H | 720P | 960P | 1080P | 010,https://m.media-amazon.com/images/I/71FeNBh9WqL.jpg
88181,maximum_weight_recommendation,1.0 ton,ton_on_consumer_good,6 | 6 dividers to create | 1 to 7 grids | 2 handles,https://m.media-amazon.com/images/I/717DVg4XWkL.jpg
90759,maximum_weight_recommendation,20180705.0 microgram,microgram_weight_limit,182 31- | C100X.,https://m.media-amazon.com/images/I/71HXqsBodjL.jpg
129324,maximum_weight_recommendation,8.0 ton,ton_on_consumer_good,with 1 main compartment | Up to 8 side pockets can store | with 1 main compartment,https://m.media-amazon.com/images/I/81CWCdpDNWL.jpg
49942,maximum_weight_recommendation,34.0 ton,ton_on_consumer_good,Extendable from 34 to 56.5 cm,https://m.media-amazon.com/images/I/91nD-5mXZNL.jpg
38769,wattage,2160.0 horsepower,resolution_as_horsepower,4K | HDMI 2.0 a/b | 4K ULTRA HD 2160P | 3 X,https://m.media-amazon.com/images/I/81FhwN-BrlL.jpg
96743,wattage,1080.0 horsepower,resolution_as_horsepower,2K FULL HD 1080P | P58121E CHIP | fino a 1080p,https://m.media-amazon.com/images/I/81M40Xy0myL.jpg
126202,maximum_weight_recommendation,11.0 ton,ton_on_consumer_good,"5.6"" | 1.8"". | 13.]"" | Up to 11 US | x 18 | 8.9"" | 9.1""- | Up to 12 US",https://m.media-amazon.com/images/I/51V6ToPjlML.jpg
19556,maximum_weight_recommendation,3.88 ton,ton_on_consumer_good,01 | 1.2mm,https://m.media-amazon.com/images/I/61V+zfnwYXL.jpg
24743,maximum_weight_recommendation,7.0 ton,ton_on_consumer_good,"Up to 7 storage spaces in total, perfect for classifying and organizing items. | :400 ml 13.4Я02 | 150ml | 230ml | 300ml | 400ml | 3",https://m.media-amazon.com/images/I/8102jkfZVCL.jpg
80947,maximum_weight_recommendation,24.0 ton,ton_on_consumer_good,2#KGOLDSEBUN | 12 bae | 24KGOLDSERUM,https://m.media-amazon.com/images/I/714mc3oleeL.jpg
39232,maximum_weight_recommendation,1000.0 ton,ton_on_consumer_good,"tе (153 mU) | Catres 05 | Sta1at 01. | Sodun 350g | Total Carbchydrate 44g | 15% | Sagas 43g | Protia 99 | aand on a 2,000 calone | ORS, S",https://m.media-amazon.com/images/I/71VQfPi-H6L.jpg
9892,maximum_weight_recommendation,9.0 ton,ton_on_consumer_good,ON9 | НЗN9AT3 | TESS 12 | NІAH93EОHHNД | HH3MPR,https://m.media-amazon.com/images/I/81bV4tFegcL.jpg
63295,maximum_weight_recommendation,2.0 ton,ton_on_consumer_good,1.Tear off the acrylic glue | 2.Stick on the back of the | 3.Stick it up and fix it in a flat | 4.installation complete,https://m.media-amazon.com/images/I/61MC7fmxStL.jpg
114415,maximum_weight_recommendation,1.0 ton,ton_on_consumer_good,Huayi gongyeyuan C qu B dong 2 lou dong ten ge t | Shenzhen Guangdong CN 618000 | Mitonhuher Straße 4 92318 Neumarkt.Germans,https://m.media-amazon.com/images/I/81tKo8EmoqL.jpg
31860,wattage,1080.0 horsepower,resolution_as_horsepower,4 Channels HDMI Video Encoder | ((HDCP)HDMIH.264 | 12/DC | 3 | 2,https://m.media-amazon.com/images/I/61nTh1NLvfL.jpg
96583,maximum_weight_recommendation,3.0 ton,ton_on_consumer_good,4од | 2> in | 1 | 1.Easy to get things | 2.Armrest box closed completely | 3.Easy to use cigarette lighter | 2 | 3,https://m.media-amazon.com/images/I/71+fumiddnL.jpg
36952,maximum_weight_recommendation,8.0 ton,ton_on_consumer_good,13 N | n317,https://m.media-amazon.com/images/I/81Ofby7tDRL.jpg
96547,item_volume,35.0 gallon,gram_as_gallon,"Dextrose Monohydrate (50%) Sucrose | Acidity Regulator (INS 330), Calcium | Phosphate (1%), Salt. Stabilizing Agent | (INS 331",https://m.media-amazon.com/images/I/61j2fHLP2sL.jpg
75183,maximum_weight_recommendation,1.0 ton,ton_on_consumer_good,STEP 1 | STEP 2 | STEP 3 | Checkout (1 item),https://m.media-amazon.com/images/I/81wYYfhLx4S.jpg
105966,maximum_weight_recommendation,15.0 ton,ton_on_consumer_good,Holds up to 15 pairs of shoes,https://m.media-amazon.com/images/I/61LXaazdbgL.jpg
31344,maximum_weight_recommendation,1.0 ton,ton_on_consumer_good,01/Carrying Handle | 02/Steady Stack | 03/Flexible Disassembly,https://m.media-amazon.com/images/I/61zlWq9CB7L.jpg
124860,maximum_weight_recommendation,3127.0 ton,ton_on_consumer_good,+31x717894,https://m.media-amazon.com/images/I/A17s9sLD-ML.jpg
76549,wattage,1080.0 horsepower,resolution_as_horsepower,Length: /5 m | 1080p,https://m.media-amazon.com/images/I/914CzrycfBL.jpg
95550,maximum_weight_recommendation,280.0 ton,ton_on_consumer_good,280,https://m.media-amazon.com/images/I/614ZEWNZJXL.jpg
9453,wattage,1080.0 horsepower,resolution_as_horsepower,Full HD 1080p | DVB T2/C2/S2,https://m.media-amazon.com/images/I/61FGwfhlOBL.jpg
92769,maximum_weight_recommendation,8.0 ton,ton_on_consumer_good,2 a 4/Set | 2018 | 1.,https://m.media-amazon.com/images/I/71QGFdwJppL.jpg
104868,maximum_weight_recommendation,8888888888.0 ton,ton_on_consumer_good,888888,https://m.media-amazon.com/images/I/61cqnHCj3gL.jpg
109928,maximum_weight_recommendation,8.0 ton,ton_on_consumer_good,Built-in 8 rotating,https://m.media-amazon.com/images/I/814wEJvn0tL.jpg
84322,maximum_weight_recommendation,25.0 ton,ton_on_consumer_good,AOSTI2ONAКДY,https://m.media-amazon.com/images/I/718VhIGgKaL.jpg
64235,wattage,1080.0 horsepower,resolution_as_horsepower,2K FULL HD 1080P | P58121E CHIP | resolution up to 1080 p,https://m.media-amazon.com/images/I/81Gv4ZApYGL.jpg
71203,maximum_weight_recommendation,24.0 ton,ton_on_consumer_good,"to 24-pair shoes like storing shoes, hats, toys, accessories or other small items.",https://m.media-amazon.com/images/I/71Qm+bzuu1L.jpg
120573,maximum_weight_recommendation,3174.11 ton,ton_on_consumer_good,,https://m.media-amazon.com/images/I/71hRNs+fZsL.jpg
99479,voltage,48.0 volt,screen_inches_as_volt,"48V 13Ah | 48V 17.5Ah | 3.46"" | Weight | 52V 19.2Ah | 14.48"" | 3.74"" | Weight | 4.13"" | 48V 18Ah | 48V 19.2Ah | 48V 20Ah | 14.17"" | 17.5Ah: 18650 ",https://m.media-amazon.com/images/I/71dvK2C1bZL.jpg
108068,maximum_weight_recommendation,200.0 microgram,microgram_weight_limit,TO SO LN5 | +525838,https://m.media-amazon.com/images/I/71D64OAkjwL.jpg
17989,maximum_weight_recommendation,20.0 ton,ton_on_consumer_good,AB 123456789-00S | ObiceSe vert 33354 | 123456789 | 23.05.1937 | 0123 | 4561 890L 6340 | 00/00 00/00 | 1 Auto Ctub Drive | VEGUCLES: 20A,https://m.media-amazon.com/images/I/91T8DpWpYwL.jpg
88727,maximum_weight_recommendation,2.0 ton,ton_on_consumer_good,2 Inside Zip Pockets,https://m.media-amazon.com/images/I/711ZVrImfgL.jpg
11950,maximum_weight_recommendation,25.0 ton,ton_on_consumer_good,Accommodate up to 25 pens per compartment,https://m.media-amazon.com/images/I/71V9+ZOeKZL.jpg
76719,wattage,2160.0 horsepower,resolution_as_horsepower,4K ULTRA HD | 3840 x 2160 | 2560 x 1440 | 1920 x 1080 | AUF HDMI 2.0 KABEL | 4K ULTRA HD 2160P,https://m.media-amazon.com/images/I/81MKfthLUFL.jpg
96864,maximum_weight_recommendation,1.0 ton,ton_on_consumer_good,STEP 1: to the headrest. | STEP 2: buckles into the the front | STEP 3:,https://m.media-amazon.com/images/I/71yFj-xETHL.jpg
26589,maximum_weight_recommendation,3.0 ton,ton_on_consumer_good,"1.Clean and dry the surface | 2.Peel off protective film | 3.Stick to the right position and | 4.Backlog for 1-2 minutes, then",https://m.media-amazon.com/images/I/8105ivPI0uL.jpg
90455,maximum_weight_recommendation,3.0 ton,ton_on_consumer_good,Step1. | Step2. | Step3.,https://m.media-amazon.com/images/I/61WxVbEdKHL.jpg
78797,maximum_weight_recommendation,213.0 microgram,microgram_weight_limit,TИIAЯ HTIW 2YAW WEW | с808 | LS SHT HOUORHT2Y,https://m.media-amazon.com/images/I/61UeAZvyy7L.jpg
15815,maximum_weight_recommendation,11.0 ton,ton_on_consumer_good,500 | 15,https://m.media-amazon.com/images/I/61Fbtqmp7OL.jpg
