review_order,row_uid,attribute,scraped_value,flag,corroboration_0_4,our_pred,their_pred,llm_pred,ocr_same_family_values,ocr_salient,image_link,claude_reading,claude_confidence,verified_value,notes
1,13640,item_weight,765.0 gram,contradicted,0,165 gram,abstain,165 gram,165 gram,"27cm/10.6"" | 24cm/9.45"" | Backpack Lightweight: 165g ~ Two oranges | 7cm/2.1""'",https://m.media-amazon.com/images/I/71rz+erHjoL.jpg,,,,
2,59517,item_weight,4 kilogram to 1kilogram,contradicted,0,14 kilogram,14 kilogram,abstain,14 kilogram,4-14kg,https://m.media-amazon.com/images/I/71tcL9Q647L.jpg,,,,
3,1095,maximum_weight_recommendation,3.0 ounce,contradicted,0,110 kilogram,110 kilogram,110 kilogram,110 kilogram,4.5HP | Level 15 | Max User Weight | 110 KG | 1-16 | 1240 x 420 mm | DFITKIT FT200S/2 | 705 mm | 1290 mm | 1680 mm,https://m.media-amazon.com/images/I/81yHvneIdQL.jpg,,,,
4,23927,voltage,12.0 volt,contradicted,0,100.24 volt,abstain,abstain,100.24 volt,1. It is recommenced to put pre-coolcd | Decen Model:MFA-10L-C | E60 | 100.240V,https://m.media-amazon.com/images/I/81rPRyMts-L.jpg,,,,
5,114932,item_weight,150.0 gram,disputed,1,100 gram,0.063 kilogram,abstain,100 gram; 0 gram; 0 gram; 98 gram; 63 gram; 0.5 gram,"4 | 030300 001656 | D-46426 Emmerich, Germany | 66 100 182 H | Zutaten: Glukosesirup, Zucker, 8 % Süßholzsaft, | 5 % Salmiaksalz, Aromen, Farbstoff: Pflanzenkohle, Kräute",https://m.media-amazon.com/images/I/81mudwe7MZL.jpg,,,,
6,3234,item_volume,200.0 millilitre,unsupported,0,abstain,abstain,abstain,,Built-in 8 rotating,https://m.media-amazon.com/images/I/71kAcH-iYfL.jpg,,,,
7,3963,item_volume,500.0 millilitre,unsupported,0,abstain,abstain,abstain,,15cm/5.90in | 20KG | 60D Oxford cloth,https://m.media-amazon.com/images/I/61nquW1KszL.jpg,,,,
8,8715,item_volume,"[8.0, 12.0] fluid ounce",unsupported,0,abstain,abstain,abstain,,"As a dietary supplement, take 2 capsules daily with | 8-12 oz of water or as directed by your healthcare | WARNING: For healthy individuals 18 years and older. | 351 ",https://m.media-amazon.com/images/I/61JiSvqkXHL.jpg,,,,
9,21537,item_volume,4.0 gallon,unsupported,0,abstain,abstain,abstain,,"from China. *Organic SUGGESTED USE:Add 4g to smoothies, juice or hot water to make a tea. Do not exceed the | *Bio VERZEHREMPFEHLUNG: Fügen Sie 4 g zu Smoothies, ",https://m.media-amazon.com/images/I/71As6WRCCsL.jpg,,,,
10,35715,item_volume,1.0 millilitre,unsupported,0,abstain,abstain,abstain,,1 | Absorbe l'excès de sebum | 2 | 1 c.à.s argile rouge | 1 c.à.c d'huile végétale | 2 c.à.c d'eau | Laissez poser 5 min | facilite l'application | 150 g | L'argile rouge Natural,https://m.media-amazon.com/images/I/81IFbTy2sSL.jpg,,,,
11,35913,item_volume,2.0 pint,unsupported,0,abstain,abstain,abstain,,Method 1: put the product into the | refrigerator freezer for 30 minutes in case of | Method 2: put the product in the | refrigerator for more than 1 hour | Method 3: s,https://m.media-amazon.com/images/I/6166+e60z1L.jpg,,,,
12,43862,item_volume,1.0 litre,unsupported,0,abstain,abstain,abstain,,,https://m.media-amazon.com/images/I/81Q9ISgQCHL.jpg,,,,
13,81732,item_volume,1.41 fluid ounce,unsupported,0,abstain,abstain,abstain,,Step 2,https://m.media-amazon.com/images/I/71YdmIZtGUL.jpg,,,,
14,100843,item_volume,94.0 litre,unsupported,0,abstain,abstain,abstain,,"TAO1TA | A7 | 67829851 | 6 x 24ct TEA BAGS/ SACHETS DE THÉ | Unilever 800 Sylvan Ave., Englewood Cliffs, NJ 07632 | 94 L 08289 | 30794522200208 | Unilever Lot #: AUG2720NAL",https://m.media-amazon.com/images/I/71HPvtu3fnL.jpg,,,,
15,109369,item_volume,100.0 decilitre,unsupported,0,abstain,abstain,abstain,,100% NATURAL | 100 | SUPPLEMENT - 90 CAPSULES,https://m.media-amazon.com/images/I/811pTF25MvL.jpg,,,,
16,110866,item_volume,1.0 millilitre,unsupported,0,abstain,abstain,abstain,,Verzehremnfehlung: Erwachsene 1 Kapsel L-Mal täolich ambesten | 96 NRV* | 1 Kapsel | 300mg | 127 mg | 3 mg | rrozent des Referenzviertes cema8 VO (EU) Nr. 1169/2011. | * Veit,https://m.media-amazon.com/images/I/61a6WEr2aVL.jpg,,,,
17,111537,item_volume,5.5 litre,unsupported,0,abstain,abstain,abstain,,4.0 | 3.,https://m.media-amazon.com/images/I/41UI8N+erOL.jpg,,,,
18,116942,item_volume,8.0 fluid ounce,unsupported,0,abstain,abstain,abstain,,"over ice! For hot tea: Pour 8 oz of fresh, boiled | water over teabag. Steep for 5-15 mins, | West Palm Beach, FL.33407 | (561) 623-7842 | 3997, | 0 | 4 5924",https://m.media-amazon.com/images/I/71tGVJo46fL.jpg,,,,
19,505,item_weight,12.0 pound,unsupported,0,abstain,abstain,abstain,,ENERG4 | NXB-YZJ220V-500WB | G | 500 | kWh/1000h | 2019/2015,https://m.media-amazon.com/images/I/716moDrkaoL.jpg,,,,
20,1089,item_weight,9 gram,unsupported,0,abstain,abstain,abstain,,"100W Fast Charging | 20V / 5A, Charge Oculus Quest and MacBook Pro / Air at full speed",https://m.media-amazon.com/images/I/51LKXHtbzbL.jpg,,,,
21,32324,item_weight,360.0 gram,unsupported,0,abstain,abstain,abstain,,7 Gründe zu kaufen | 360-Grad-Beleuchtung,https://m.media-amazon.com/images/I/61gZ7gHOhvL.jpg,,,,
22,34390,item_weight,22 ounce,unsupported,0,abstain,abstain,abstain,,,https://m.media-amazon.com/images/I/611g6H3dbQL.jpg,,,,
23,49580,item_weight,2.0 gram,unsupported,0,abstain,abstain,abstain,,40in x 50in | 50in x 60in | 60in x 80in | 40in(100cm) | 50in(125cm) | 60in(150cm) | 50in(125cm) | 60in(150cm) | 80in(200cm),https://m.media-amazon.com/images/I/71nV97sQkbL.jpg,,,,
24,121834,item_weight,5.5 gram,unsupported,1,abstain,abstain,5.5 gram,,2.2cm | • 0.6cm +* | I Weight:About5.50g,https://m.media-amazon.com/images/I/51YO0voyufL.jpg,,,,
25,129190,item_weight,50.0 gram,unsupported,0,abstain,abstain,abstain,,30 DAY/JOURS* | -80 | dues à l'inflammation | NPN 80022837,https://m.media-amazon.com/images/I/81K-1f0psHL.jpg,,,,
26,1242,maximum_weight_recommendation,47.0 gram,unsupported,0,abstain,abstain,abstain,,31cm | 27cm | 132cm | 90cm | 184cm | 20cm | 20cm | 5cm | 40cm | 100cm,https://m.media-amazon.com/images/I/71C1RWK1rjL.jpg,,,,
27,3923,maximum_weight_recommendation,90 kilogram,unsupported,0,abstain,abstain,abstain,,"115V/ | 60HZ | 3.0 | 3/4""' | IPX8",https://m.media-amazon.com/images/I/61n57lLeY+L.jpg,,,,
28,25305,maximum_weight_recommendation,135.0 ounce,unsupported,0,abstain,abstain,abstain,,,https://m.media-amazon.com/images/I/71B6-kGHY6L.jpg,,,,
29,25780,maximum_weight_recommendation,18.0 ton,unsupported,0,abstain,abstain,18 kilogram,,"HOLD UP TO 18 CAPS | 9 hooks to hold caps or visors, 18",https://m.media-amazon.com/images/I/813zbewmrLL.jpg,,,,
30,50911,maximum_weight_recommendation,12.0 pound,unsupported,2,abstain,5.4431 kilogram,12 pound,,"THE 3MM ACRYLIC PLATES CAN HOLD AROUND12 POUNDS CUPCAKE,",https://m.media-amazon.com/images/I/81DrudLjsYL.jpg,,,,
31,66470,maximum_weight_recommendation,195.0 ton,unsupported,0,abstain,abstain,abstain,,S0NONP DOCCHE,https://m.media-amazon.com/images/I/612YOqEG2hL.jpg,,,,
32,74246,maximum_weight_recommendation,3.0 gram,unsupported,0,abstain,abstain,abstain,,G | Anmol3DGallery,https://m.media-amazon.com/images/I/61LhXB6-BgL.jpg,,,,
33,85572,maximum_weight_recommendation,1500.0 ton,unsupported,0,abstain,abstain,abstain,,No.3,https://m.media-amazon.com/images/I/81tWTQp5VKL.jpg,,,,
34,96981,maximum_weight_recommendation,5.0 pound,unsupported,0,abstain,abstain,abstain,,1.Through Kopfstütze Unterstützung | 2.Schnallenbefestigung | 3.Schnallenlänge anpassen | 4.Stecken Sie den Haken gut. | 5.Haken und fixieren | 6.Installation abgeschloss,https://m.media-amazon.com/images/I/71X7v2gl5iL.jpg,,,,
35,97661,maximum_weight_recommendation,63.5 ton,unsupported,0,abstain,abstain,abstain,,"25"" to 33"" | (63.5 to 83 cm)",https://m.media-amazon.com/images/I/51IkPonil2L.jpg,,,,
36,108600,maximum_weight_recommendation,3.0 ton,unsupported,0,abstain,abstain,abstain,,Step1. | Step2. | Step3.,https://m.media-amazon.com/images/I/61pwabA60PL.jpg,,,,
37,110081,maximum_weight_recommendation,4.0 kilogram,unsupported,0,abstain,abstain,abstain,,kg | → 20x80 mm | :ø6÷7mm | 48 | 3,https://m.media-amazon.com/images/I/71uBPigugiS.jpg,,,,
38,116027,maximum_weight_recommendation,7.0 pound,unsupported,2,abstain,3.1751 kilogram,7 pound,,71B | 71B,https://m.media-amazon.com/images/I/71sNPu8xh8L.jpg,,,,
39,126185,maximum_weight_recommendation,100.0 gram,unsupported,0,abstain,abstain,abstain,,113HSA | 138:1009,https://m.media-amazon.com/images/I/71oAeDqcQNL.jpg,,,,
40,127522,maximum_weight_recommendation,1.5 ton,unsupported,0,abstain,abstain,abstain,,17:50 | 6 | 000 | NO.OOI2 STAPLES,https://m.media-amazon.com/images/I/61DVB6INjtL.jpg,,,,
41,169,voltage,"[85.0, 265.0] volt",unsupported,0,abstain,abstain,abstain,,"100 ml | 93 kJ | 22 kcal | < 0.5 g | de las cuales saturadas < 0.1 g | 4.1 g | 1.4 g | 0.8 g | 0.7 g | 0.6/ 0 | 232 kJ | 55 kcal | <0.5 g | < 0.1 g | 10 g | 3.4 g | 2.1 g | 1.7 g | 1,/0 | 3% | <1% | < 1",https://m.media-amazon.com/images/I/81Qf73SxLaL.jpg,,,,
42,49196,voltage,24.0 volt,unsupported,0,abstain,abstain,abstain,,30к0. | 2038,https://m.media-amazon.com/images/I/71p8+RfnRGL.jpg,,,,
43,64597,voltage,12.0 volt,unsupported,0,abstain,abstain,abstain,,5.5 GPM WATER FLOW | 1 NSdN KknE/LxE | Nw802WA99S | 00 12L,https://m.media-amazon.com/images/I/81M+LNYxNyL.jpg,,,,
44,85066,voltage,65.0 volt,unsupported,0,abstain,abstain,abstain,,"65""",https://m.media-amazon.com/images/I/61q35brrbDL.jpg,,,,
45,103814,voltage,3.8 volt,unsupported,0,abstain,abstain,abstain,,;HG40 | 1 | IS 16046/IEC 62133 | 8CE | R-41039683 | DC 20171015 | 2BA4986,https://m.media-amazon.com/images/I/41a7JfKD8YL.jpg,,,,
46,106291,voltage,300.0 volt,unsupported,0,abstain,abstain,abstain,,3-Prong Power Cord,https://m.media-amazon.com/images/I/51nsYY4gFDL.jpg,,,,
47,122170,voltage,12.0 volt,unsupported,0,abstain,abstain,abstain,,,https://m.media-amazon.com/images/I/71bpPu-JSZL.jpg,,,,
48,14022,wattage,11.0 watt,unsupported,0,abstain,abstain,abstain,,Doo9,https://m.media-amazon.com/images/I/61BnSXdZ2wL.jpg,,,,
49,16231,wattage,8.0 horsepower,unsupported,0,abstain,abstain,abstain,,"Address: OFFICE 1029 3 HARDMAN STREET | 10TH FLOOR, SPINNINGFIELDS MANCHESTER, | UK M3 3HF | Address: Calle de RIO TORMES 13A, oficina 1, | Fuenlabrada, Madrid, 28947 S",https://m.media-amazon.com/images/I/71fP0LktHKL.jpg,,,,
50,18677,wattage,1000.0 watt,unsupported,0,abstain,abstain,abstain,,F-T2500- | 48V1000W | 35MPH | mey 7 | 85NM,https://m.media-amazon.com/images/I/816xvDKGhmL.jpg,,,,
51,34050,wattage,1080.0 horsepower,unsupported,0,abstain,abstain,abstain,,Full HD 1080p | DVB T2/C2/S2,https://m.media-amazon.com/images/I/61ad8tx7bzL.jpg,,,,
52,53531,wattage,4.0 watt,unsupported,0,abstain,abstain,abstain,,6+12Pin | 2010 | 2011 | PA5025A | ST2011SA | PA-03C2011 | 6+12PIH | THNSHC128GIDJ | THNSHC256GIDJ | 2-CPA1280 | IZ-CPA2560 | 2012 | 2014 | 2013 | 2013 | 2015 | 2016 | 2017 | 2018 | 2019 | 7+17Pin | PA50,https://m.media-amazon.com/images/I/71HmGdy+WuL.jpg,,,,
53,65206,wattage,606.0 watt,unsupported,0,abstain,abstain,abstain,,606T,https://m.media-amazon.com/images/I/61OfgNpERmL.jpg,,,,
54,66020,wattage,2160.0 horsepower,unsupported,0,abstain,abstain,abstain,,4K ULTRA HD 2160P | Thunderbolt 1 and | Thunderbolt 2 ports | • True Color (32 bit) | 3X | 1. Wire mesh | 2. Alu-mylar | 3. Wire pairs in alu-mylar | 4K ULTRA HD | 3D | P58121E CHI,https://m.media-amazon.com/images/I/71EBZ0Xy-2L.jpg,,,,
55,72686,wattage,10.0 watt,unsupported,0,abstain,abstain,abstain,,1x | E27 | max.10W,https://m.media-amazon.com/images/I/61kh4EsIp+L.jpg,,,,
56,90768,wattage,1080.0 horsepower,unsupported,0,abstain,abstain,abstain,,1080р,https://m.media-amazon.com/images/I/61SgyLqbA8L.jpg,,,,
57,96091,wattage,2160.0 horsepower,unsupported,0,abstain,abstain,abstain,,13°C Meist sonnig^ (4i) g | 14:50 | 13.10.2021 | DISPLAYPORT 1.4 | AUF HDMI 2.0 KABEL | 4K ULTRA HD 2160P | 1,https://m.media-amazon.com/images/I/71iy4OYsVqL.jpg,,,,
58,108202,wattage,25.0 watt,unsupported,0,abstain,abstain,abstain,,,https://m.media-amazon.com/images/I/61XnX4zg94L.jpg,,,,
59,115440,wattage,6.0 watt,unsupported,0,abstain,abstain,abstain,,CAT.6 | АT6 | Т568,https://m.media-amazon.com/images/I/513I1q7OCyL.jpg,,,,
60,73509,item_weight,188 gram,weak,1,166 gram,abstain,166 gram,166 gram; 188 gram; 207 gram; 234 gram; 246 gram; 253 gram,A. 46cm Weight: 166g | B. 51cm Weight: 188g | C. 55cm Weight: 207g | D. 61cm Weight: 234g | E. 66cm Weight: 246g | F.71cm Weight: 253g | G. 76cm Weight: 275g | 316L | 14mm (0.5,https://m.media-amazon.com/images/I/71LTT-88gcL.jpg,,,,
61,18329,maximum_weight_recommendation,5.6 ounce,weak,1,43 gram,abstain,abstain,43 gram; 1.5 ounce; 160 gram; 5.6 ounce,43g/1.5oz | 160g/5.6oz,https://m.media-amazon.com/images/I/61DXah0pWAL.jpg,,,,
62,73745,voltage,130.0 volt,weak,1,110 volt,abstain,120 volt,110 volt; 120 volt; 130 volt,"1 Watt LED | 1W Equivalent to | 11W Incandescent | 90% Energy Saving | 110V, 120V, 130V",https://m.media-amazon.com/images/I/61B5CMWmXFL.jpg,,,,
63,72884,wattage,20.0 watt,weak,1,50 watt,abstain,abstain,50 watt; 30 watt; 20 watt,"A80K | 55"" / 65"" / 75"" | 50W | 5 Filme zum Einlösen | 12 Monate unbegrenztes | Fernseher Vergleich 2022 | X90K | 50"" / 55"" / 65"" / 75"" / 85"" | X85K | 43"" / 50"" / 55"" / 65"" / 75"" ",https://m.media-amazon.com/images/I/71Me5aD5-lL.jpg,,,,
64,112589,voltage,3.85 volt,weak,1,4.4 volt,abstain,abstain,3.85 volt; 4.4 volt,"SAM S7E | 3600mAh | #AfTRXE: GB31241-2014,GB/T18287-2013 | Nominal Voltage/4*BiBf: 3.85V = | Charge Voltage/3ERR81BF5: 4.4V= | Capacity/8xE #flit: 3600mAh 13.86Wh | 53 | 1ICP",https://m.media-amazon.com/images/I/51+C2xM0kkL.jpg,,,,
65,82622,wattage,350.0 watt,weak,1,250 watt,250 watt,250 watt,250 watt; 350 watt,35 Miles | 18 Mph | 250 Watt | 350W Peak,https://m.media-amazon.com/images/I/719kFrX9RYL.jpg,,,,
66,112396,item_volume,1.5 fluid ounce,corroborated,3,1.5 fluid_ounce,abstain,44 milliliter,1.5 fluid_ounce; 1.5 fluid_ounce; 44 milliliter; 1.5 fluid_ounce; 44 milliliter; 1.5 fluid_ounce,4 | 1.5 FL OZ TUBE | 1.5 fl. oz./44 ml | 1.5 fl. oz./ 44 mL | 1.5 fl. oz./44 ml,https://m.media-amazon.com/images/I/71KP3C+ObHL.jpg,,,,
67,118039,voltage,12.0 volt,corroborated,4,12 volt,12 volt,12 volt,12 volt; 12 volt; 12 volt; 12 volt; 12 volt; 12 volt,R2 | L1 | 114 LEDs | 12V | 12V | 85 | 12V | 12V | 12V | 12V,https://m.media-amazon.com/images/I/61CzTitQwTL.jpg,,,,
68,23083,item_volume,1.0 fluid ounce,corroborated,2,1 fluid_ounce,abstain,30 milliliter,2 milliliter; 2 milliliter; 1 fluid_ounce; 30 milliliter,Since 1972 | 83000 00890 | 9284 Rev. 916 1128 | - Since 1972 | Serving Size 2 mL (approx. 56 drops) | Servings Per Container 15 | Red Clover (Trifolium pratense) Flowering ,https://m.media-amazon.com/images/I/71vbz4b1y6L.jpg,,,,
69,43382,item_volume,8.0 fluid ounce,corroborated,3,8 fluid_ounce,abstain,236 milliliter,8 fluid_ounce; 236 milliliter; 8 fluid_ounce; 236 milliliter,8 fl. oz. / 236 ml | 400 mg | 8 FL OZ / 236 mL,https://m.media-amazon.com/images/I/61VDEVv5YaL.jpg,,,,
70,46441,voltage,12.0 volt,corroborated,3,13.6 volt,12 volt,12 volt,12 volt; 13.6 volt; 13.6 volt; 12 volt,1000 GPH 12 V | Proline Bilge Pump 2210 | Capacity at 13.6 V: straight 63 1/min. 1000 GPH. | Capacity at 13.6 V; 0.9 m (3 ft) head 50l/min. 800 GPH. | Voltage 12 V DC. ,https://m.media-amazon.com/images/I/71ESHtpIdlL.jpg,,,,
71,5915,item_volume,32.0 fluid ounce,corroborated,4,32 fluid_ounce,946 milliliter,946 milliliter,32 fluid_ounce; 946 milliliter; 1 quart,32 fl oz / 946 mL/1 quart,https://m.media-amazon.com/images/I/61bbCI-sk-L.jpg,,,,
72,60284,item_volume,33.0 centilitre,corroborated,2,33 centiliter,abstain,abstain,33 centiliter; 33 centiliter; 33 centiliter,"1932 | À BASE DE CONCENTRÉ (10 %) ET AU JUS | DE CONCENTRÉ (5 %), AROMATISÉE | 33 cl e | 1932 | (10 %) ET AU JUS DE GRENADE À BASE | DE CONCENTRÉ (5%), AROMATISEE | 33 cl e | 1",https://m.media-amazon.com/images/I/717LsGN9rzL.jpg,,,,
73,128594,item_volume,500.0 millilitre,corroborated,2,15 milliliter,500 milliliter,15 milliliter,15 milliliter; 15 milliliter; 500 milliliter,1-mal täglich 15 ml | 1-Monats-Packung | 636 mg Mariendistelfrüchte- | Trockenextrakt pro 15 ml | 500 ml,https://m.media-amazon.com/images/I/71iQYuczmoL.jpg,,,,
74,128972,item_volume,4.86 litre,corroborated,2,6.97 liter,4860 milliliter,abstain,6.97 liter; 4.86 liter; 10 liter,6.97 Litre - | 4.86 Litre - | -10 Litre,https://m.media-amazon.com/images/I/81D3lTn6PkL.jpg,,,,
75,36649,item_weight,30.0 kilogram,corroborated,4,30 kilogram,30 kilogram,30 kilogram,30 kilogram; 30 kilogram; 30 kilogram,"Große Kapazität, Tragtähigkeit bis zu 30KG | 30 | KG | Das Material ist ca. 5mm dick und die Fugen sind verstärkt, so dass | Tragfähigkeit bis zu 30KG, kann eine Vielza",https://m.media-amazon.com/images/I/815LGyiLjBL.jpg,,,,
76,56104,maximum_weight_recommendation,25 kilogram,corroborated,2,12 kilogram,25 kilogram,abstain,12 kilogram; 16 kilogram; 25 kilogram,S:58x58x15cm | Fit for small pets up to 12kg | M: 76x76x15cm | Fit for medium pets up to 16kg | L:91x91x15cm | Fit for large pets up to 25kg,https://m.media-amazon.com/images/I/81saao4BJeL.jpg,,,,
77,17985,voltage,5.0 volt,corroborated,2,5 volt,abstain,abstain,5 volt; 12 volt; 24 volt,•вт4.0 | • DC 5V | DC 12V | DC 24V,https://m.media-amazon.com/images/I/41QrvoUJV0L.jpg,,,,
78,84739,wattage,240.0 watt,corroborated,2,240 watt,abstain,abstain,240 watt; 240 watt; 240 watt,"USB-C TO C PD 240W | USB-C 240W 40Gbps DATA CABLE | Output power up to 240W (Max), | CW240-40 | .40",https://m.media-amazon.com/images/I/813oMTS25HL.jpg,,,,
79,29273,item_volume,695.0 millilitre,corroborated,4,695 milliliter,695 milliliter,695 milliliter,695 milliliter; 695 milliliter,Per 1 can (695 mL) | pour 1 canette (695 mL) | Calories / Calories 150 | Fat / Lipides 0 g | 0 % | Sodium / Sodium 70 mg | 3 % | Carbohydrate / Glucides 36 g | 12 % | Sugars / Su,https://m.media-amazon.com/images/I/71ZdHIoLpDL.jpg,,,,
80,38910,item_volume,4.0 fluid ounce,corroborated,4,4 fluid_ounce,118 milliliter,118 milliliter,4 fluid_ounce; 118 milliliter,4 fl oz e 118 ml,https://m.media-amazon.com/images/I/71TdQJdwXcL.jpg,,,,
81,66984,item_volume,1.0 millilitre,corroborated,2,1 milliliter,abstain,abstain,1 milliliter; 1 milliliter,">10X | Serving Size: 1 mL (~45 drops) | Servings Per Container: 30 | 1ml† | ‡ (alcohol content: 30-40%),",https://m.media-amazon.com/images/I/71PZhLvwUgL.jpg,,,,
82,80976,item_volume,16.0 fluid ounce,corroborated,4,16 fluid_ounce,473.176 milliliter,16 fluid_ounce,16 fluid_ounce; 473 milliliter,16 FL. OZ. (1 pt.) (473 ml),https://m.media-amazon.com/images/I/518w3omnl5L.jpg,,,,
83,84656,item_volume,450.0 millilitre,corroborated,4,450 milliliter,450 milliliter,450 milliliter,450 milliliter; 450 milliliter,Small 450ml Square Jar | 14cm | 450ml | 70mm,https://m.media-amazon.com/images/I/71WElDe14sL.jpg,,,,
84,108049,item_volume,0.05 millilitre,corroborated,4,0.05 milliliter,0.05 milliliter,0.05 milliliter,0.05 milliliter; 0.05 milliliter,MEDICINAL INGREDIENTS PER 1 DROP (0.05 ML) / | INGRÉDIENTS MÉDICINAUX PAR 1 GOUTTE [0.05 ML]: | . 125 mcg / 125 mcg...,https://m.media-amazon.com/images/I/61yu30OGo9L.jpg,,,,
85,112330,item_volume,100.0 millilitre,corroborated,2,100 milliliter,abstain,abstain,100 milliliter; 100 milliliter,1 tsp* | 1 tea leaves 1 | 100 ml water | 20kcal | 200 250m | 1%1%2% | % or gurage aduit 200kca of ar | 1 tsp* | 100 ml water | Energy Total Fat (Saturated Fa2 / | 20kcal 0.7g | 25.0m,https://m.media-amazon.com/images/I/81WHxqejGRL.jpg,,,,
86,34493,item_weight,6050.0 milligram,corroborated,2,6050 milligram,abstain,abstain,6050 milligram; 6050 milligram,7 PREMIUM HERBAL INGREDIENTS | 6050MG | Made With 7 Natural Ingredients | 6050MG*,https://m.media-amazon.com/images/I/71gmqxz8foL.jpg,,,,
87,69875,item_weight,7 ounce,corroborated,2,7 ounce,abstain,abstain,7 ounce; 198 gram,8 | Net Contents 7oz (198 g),https://m.media-amazon.com/images/I/61c7ptZ46xL.jpg,,,,
88,79920,item_weight,8.8 pound,corroborated,3,8.8 pound,abstain,4 kilogram,8.8 pound; 4 kilogram,"T N.W.:8.8lbs/4kg | 12.6""/32cm | 13""/33cm | #16'41cm | 13'/33cm | 20-25""/50-64cm | 18""/46cm",https://m.media-amazon.com/images/I/61xdsMqpSsL.jpg,,,,
89,84467,item_weight,240 gram,corroborated,4,240 gram,0.24 kilogram,240 gram,240 gram; 7 gram,17 Superfoods | 30 SERVINGS | NET WT 240G | MADE WITH 17 SUPERFOODS | 7G FIBER PER SERVING,https://m.media-amazon.com/images/I/71lDu4lOthL.jpg,,,,
90,108942,item_weight,0.28 ounce,corroborated,2,7.9 gram,abstain,abstain,7.9 gram; 0.28 ounce,18 | cialda compostabile da 7.9 g | compostable pod 0.28 oz,https://m.media-amazon.com/images/I/81Kje4kyLVL.jpg,,,,
91,116390,item_weight,48.0 gram,corroborated,2,48 gram,abstain,489 gram,48 gram; 1.7 ounce,NET WT 48 g (1.7 OZ),https://m.media-amazon.com/images/I/810Ipt0RBVL.jpg,,,,
92,19823,maximum_weight_recommendation,15.0 kilogram,corroborated,4,15 kilogram,15 kilogram,15 kilogram,15 kilogram; 15 kilogram,Stronger Adhesive & Withstand Up to 15 KG | KG | 15KG,https://m.media-amazon.com/images/I/71XwScnQESL.jpg,,,,
93,62167,maximum_weight_recommendation,2.0 ounce,corroborated,2,2 ounce,abstain,abstain,2 ounce; 57 gram,NET WT | 2Oz(57g),https://m.media-amazon.com/images/I/61WlRGJL5AL.jpg,,,,
94,69948,maximum_weight_recommendation,350 pound,corroborated,3,350 pound,abstain,350 pound,20.55 pound; 350 pound,"32"" | 16"" | 35"" | 44.9"" | 30.7"" | 24.4"" | 20.55LBS | 30"" | 35.4"" | 65"" | 350 | LBS | 36"" | 30""",https://m.media-amazon.com/images/I/71ljVvIhZhL.jpg,,,,
95,35727,voltage,24.0 volt,corroborated,4,24 volt,24 volt,24 volt,24 volt; 24 volt,300Leds (600chips) | 300 warm white chips + 300 cool white chips | 24V | 16.6 inch | 16.6 inch | 24V | 000 | 2 Control Methods | • 9 modes for controller | 120 | 300Leds (300chips),https://m.media-amazon.com/images/I/71EVh96vaGL.jpg,,,,
96,36025,voltage,3.7 volt,corroborated,2,3.7 volt,abstain,abstain,3.7 volt; 3.7 volt,101 | BRC 18650 4000mAh | 3.7V li-ion | BRC 18650 4000mAh | 3.7V li-ion,https://m.media-amazon.com/images/I/61VDmqmYEmL.jpg,,,,
97,85457,voltage,220.0 volt,corroborated,2,220 volt,abstain,abstain,220 volt; 240 volt,A60 | 330° | 25000 | 220V | 240V | <1sec. | E27 | 470 LUMENS | 4w=40w | REF. 600483 | 50.-60H2 | 4 kVh/1000h | Couper l'alimentation élecrique avant de | procéder à l'nstallation de cell,https://m.media-amazon.com/images/I/71cngvB1fOS.jpg,,,,
98,91732,voltage,"[220.0, 265.0] volt",corroborated,4,265 volt,265 volt,220 volt,265 volt; 36 volt,Rated Power:36W | Lumens:3600LM | Input:AC 220-265V | Color Temperature:4500K | Service temperature:-20°C~+60°C | Color Temperature:4500K | Service temperature:-20C-+60°C | E,https://m.media-amazon.com/images/I/61mclY9M+QL.jpg,,,,
99,97884,voltage,5.0 volt,corroborated,2,5 volt,12 volt,12 volt,5 volt; 12 volt,"PS3/PS4 | 3.5mm Audio Port | USB Powered (5V,2A) | DC Powered (12V,2A)",https://m.media-amazon.com/images/I/71vfi3yYctL.jpg,,,,
100,123389,voltage,12.0 volt,corroborated,2,5 volt,12 volt,abstain,5 volt; 12 volt,5V 3pin | IMM3 | VM4 | FIRST3 | 5300 | RPM‡10% | +12V | DC/3pin,https://m.media-amazon.com/images/I/71iZfvZexyL.jpg,,,,
101,83236,wattage,20.0 watt,corroborated,4,20 watt,20 watt,20 watt,20 watt; 20 watt,20W | 000 | 20W,https://m.media-amazon.com/images/I/519X8djSTaL.jpg,,,,
102,4618,item_volume,180.0 millilitre,corroborated,2,180 milliliter,abstain,abstain,180 milliliter,- 180 ml | 203%,https://m.media-amazon.com/images/I/61zYiAdL+9L.jpg,,,,
103,8322,item_volume,175.0 millilitre,corroborated,4,175 milliliter,175 milliliter,175 milliliter,175 milliliter,L'ensemble inclut le ditributeur et le support | Capacité : 175 ml - 3/4 tasse,https://m.media-amazon.com/images/I/61XSllyM19L.jpg,,,,
104,47078,item_volume,900.0 millilitre,corroborated,2,900 milliliter,abstain,abstain,900 milliliter,900 ml,https://m.media-amazon.com/images/I/61vU7YTNT7L.jpg,,,,
105,69035,item_volume,2.03 fluid ounce,corroborated,2,2.03 fluid_ounce,160 milliliter,160 milliliter,2.03 fluid_ounce,2.03 fl.oz./oz. liq./60 mlC-,https://m.media-amazon.com/images/I/71A1owl856L.jpg,,,,
106,78969,item_volume,50.0 millilitre,corroborated,2,50 milliliter,abstain,abstain,50 milliliter,eome: (2H6OS | 5( | 50ml,https://m.media-amazon.com/images/I/61+mGM508lL.jpg,,,,
107,117913,item_volume,1000.0 millilitre,corroborated,4,1000 milliliter,1000 milliliter,1000 milliliter,1000 milliliter,1000 ml,https://m.media-amazon.com/images/I/41s1hu5GzJL.jpg,,,,
108,125576,item_volume,20.0 millilitre,corroborated,4,20 milliliter,20 milliliter,20 milliliter,20 milliliter,pntent: 20ml,https://m.media-amazon.com/images/I/61hNl9gV2oL.jpg,,,,
109,129335,item_volume,50.0 millilitre,corroborated,4,50 milliliter,50 milliliter,50 milliliter,50 milliliter,50 ML,https://m.media-amazon.com/images/I/61Y-wpspaYL.jpg,,,,
110,11955,item_weight,20.0 gram,corroborated,4,20 gram,0.02 kilogram,20 gram,20 gram,3mm | (0.12 inch) | 44mm | (1.73 inches) | 26.54mm | (1.04in) | Thickness:2.1mm • | 20.5mm(0.81 inch) | Necklace length: 56+5cm(22 +2 inches)/ Resizable | NET WT: 20g,https://m.media-amazon.com/images/I/71qjzO0J7sL.jpg,,,,
111,14555,item_weight,3 gram,corroborated,2,3 gram,abstain,abstain,3 gram,FK: 51cm | 1.5cm | 4cm | FF: 3g,https://m.media-amazon.com/images/I/51X3cKvXOPL.jpg,,,,
112,23936,item_weight,0.4 kilogram,corroborated,3,0.4 kilogram,abstain,0.4 kilogram,0.4 kilogram,Weight: 0.4KG | -7.9 Inch | 20CM | 13CM | 18CM | 34CM | 10CM,https://m.media-amazon.com/images/I/81VjbYLc4TL.jpg,,,,
113,26341,item_weight,237.0 gram,corroborated,3,237 gram,abstain,237 gram,237 gram,"BIGSUNNY 7.8 Inch Cleaver Knife | Length: 12.9""/ 329mm | 2.6""/ 66mm | Blade Length: 7.8""/ 198mm | Handle Length: 5.1""/ 131mm | 237g | 58HRC | 2.6mm | German steel- X50CrMoV15",https://m.media-amazon.com/images/I/61-eq-Qs8jL.jpg,,,,
114,27796,item_weight,15.5 gram,corroborated,4,15.5 gram,0.0155 kilogram,15.5 gram,15.5 gram,7.87 inch (20cm) | 1.57 inch | Weight: 15.5g | 0.31 inch,https://m.media-amazon.com/images/I/61+EzK7LgZL.jpg,,,,
115,37023,item_weight,120 gram,corroborated,2,120 gram,abstain,abstain,120 gram,Since: 1917 | Net Q0 | bü k kise lat фekl kud д2 | 12 Uelahe # Hc the ên e ngua | 120 g,https://m.media-amazon.com/images/I/71iUr1VeEVL.jpg,,,,
116,40342,item_weight,1000.0 milligram,corroborated,2,1000 milligram,abstain,abstain,1000 milligram,X3 | 90 compresse retard | 1000 mg,https://m.media-amazon.com/images/I/51IwygXzzjL.jpg,,,,
117,44058,item_weight,8.0 ounce,corroborated,2,8 ounce,abstain,abstain,8 ounce,8 oz,https://m.media-amazon.com/images/I/51C24fr7dWL.jpg,,,,
118,54550,item_weight,700 gram,corroborated,3,700 gram,abstain,700 gram,700 gram,73 mm | 60mm | : 700 gm | 80 mm,https://m.media-amazon.com/images/I/41lA3kKI0HL.jpg,,,,
119,59157,item_weight,12 gram,corroborated,4,12 gram,0.012 kilogram,12 gram,12 gram,1.22inches | 1.18inches | Weight: 12g,https://m.media-amazon.com/images/I/61Ot230Zd3L.jpg,,,,
120,64349,item_weight,4.1 gram,corroborated,4,4.1 gram,0.0041 kilogram,4.1 gram,4.1 gram,S925 Sterling Silver | 20mm | (0.79 inches) | 14mm | (0.6 inches) | Length: 45.7cm+5cm(18 inches+2 inches) | NET WT:4.1g,https://m.media-amazon.com/images/I/61iCb0jjSCL.jpg,,,,
121,68260,item_weight,3.0 kilogram,corroborated,2,3 kilogram,abstain,abstain,3 kilogram,18 juin 2018 | 3 kg 650,https://m.media-amazon.com/images/I/61AtAWU6ZBL.jpg,,,,
122,76821,item_weight,20.0 gram,corroborated,2,20 gram,abstain,abstain,20 gram,1.96inch | 2.7inch | 1.9MM | Weight | 20G | 3.11inch | 2.7inch | 30 Pack | 2.75inch | 2.75inch,https://m.media-amazon.com/images/I/611FuRB2P-L.jpg,,,,
123,80227,item_weight,1 kilogram,corroborated,4,1 kilogram,1 kilogram,1 kilogram,1 kilogram,1kg,https://m.media-amazon.com/images/I/71rD124p-zL.jpg,,,,
124,100705,item_weight,45.0 pound,corroborated,2,45 pound,abstain,abstain,45 pound,"23.62"" | 11.81"" | 45 | LBS | 45.3"" | 27.5"" | range:180° | 4.9ft | 21.65"" | 21.65""",https://m.media-amazon.com/images/I/61ZHdEx8CsL.jpg,,,,
125,109606,item_weight,32.0 gram,corroborated,2,32 gram,abstain,abstain,32 gram,NET WT 1.13 O7 (32g),https://m.media-amazon.com/images/I/51bhy+zKUAL.jpg,,,,
126,125849,item_weight,19.0 gram,corroborated,3,19 gram,abstain,19 gram,19 gram,length: 600mm/24inch | length: 57mm/2.24inch | width: 24mm/0.94inch | weight: 19g,https://m.media-amazon.com/images/I/51D5KmSMj0L.jpg,,,,
127,5902,maximum_weight_recommendation,500.0 pound,corroborated,3,500 pound,abstain,500 pound,500 pound,"24.0"" | 22.1"" | 16.5"", | 4.70 | 45.30 | 7.5° | 63.0"" | 48.40 | •17.4° | 5.9"" | 18.2"" | Kg | 500 lbs",https://m.media-amazon.com/images/I/61YT1fN0CcL.jpg,,,,
128,10613,maximum_weight_recommendation,500 pound,corroborated,2,500 pound,0 kilogram,abstain,500 pound,"43.3"" | 59"" | 54"" | 12.8"" | Full:500lbs | 37.4"" | 75.9"" | 14 | 5.9""",https://m.media-amazon.com/images/I/61z97NqhepL.jpg,,,,
129,42116,maximum_weight_recommendation,70 kilogram,corroborated,3,70 kilogram,70 kilogram,abstain,70 kilogram,Item Weight | 70.0 Kilograms,https://m.media-amazon.com/images/I/61ndHoDgsgL.jpg,,,,
130,46714,maximum_weight_recommendation,120 kilogram,corroborated,4,120 kilogram,120 kilogram,120 kilogram,120 kilogram,Weight Holding Capacity | 120 Kgs. | 120,https://m.media-amazon.com/images/I/61m87M90VRS.jpg,,,,
131,47750,maximum_weight_recommendation,150 kilogram,corroborated,3,150 kilogram,abstain,150 kilogram,150 kilogram,150kg | 33cm | 5cm | 76cm | 38cm,https://m.media-amazon.com/images/I/81+RVQhJjqL.jpg,,,,
132,48609,maximum_weight_recommendation,100 kilogram,corroborated,3,100 kilogram,abstain,100 kilogram,100 kilogram,"TDM-97® Motarized Treadmill | 0:00 | 3.5 HP DC Motor | 5.5"" | 100KG | Max User Weight",https://m.media-amazon.com/images/I/71vUto1LJcL.jpg,,,,
133,57498,maximum_weight_recommendation,100 kilogram,corroborated,4,100 kilogram,100 kilogram,100 kilogram,100 kilogram,"safety net, kids can enjoy | Safety Net | Net Zipper | 100 kg | Weight Capacity | The Bottom of the Protective Net",https://m.media-amazon.com/images/I/715Mx8V2CIL.jpg,,,,
134,62979,maximum_weight_recommendation,8.0 gram,corroborated,3,8 gram,0.008 kilogram,abstain,8 gram,loz / 8g | ART S910 K: 3250 | 073050 77733 2 | CAOO011 | ART S910 1 3340 | 073650 77735,https://m.media-amazon.com/images/I/71-nPaOgnrL.jpg,,,,
135,73970,maximum_weight_recommendation,30 kilogram,corroborated,4,30 kilogram,30 kilogram,30 kilogram,30 kilogram,7 | Premium 201 | kg | Holds up to 30 kg,https://m.media-amazon.com/images/I/51VTWNY48cL.jpg,,,,
136,74390,maximum_weight_recommendation,20.0 pound,corroborated,4,20 pound,9.0718 kilogram,20 pound,20 pound,Up to 20LB,https://m.media-amazon.com/images/I/71Bdz+tUSfL.jpg,,,,
137,93233,maximum_weight_recommendation,50 kilogram,corroborated,4,50 kilogram,50 kilogram,50 kilogram,50 kilogram,Maximum capacity up to 50 kg | Designed for kids of 3 to 5 years old | 34cm | 9cm | 33cm | 51cm | 31cm | 34cm | 18cm | 49cm | 6cm | 26cm | 51cm,https://m.media-amazon.com/images/I/71OPhI-pPrL.jpg,,,,
138,94321,maximum_weight_recommendation,80.0 kilogram,corroborated,3,80 kilogram,abstain,80 kilogram,80 kilogram,Waschbar bis 40 Grad und | Belastbar bis 80kg.,https://m.media-amazon.com/images/I/716FPWyskFL.jpg,,,,
139,96035,maximum_weight_recommendation,300.0 pound,corroborated,2,300 pound,abstain,30 pound,300 pound,300LBS | 19 cm / 7.5 inch | 46 cm / 18.1 inch | 34 cm / 13.4 inch | 45 cm / 17.7 inch,https://m.media-amazon.com/images/I/61zPjQIpV5L.jpg,,,,
140,123445,maximum_weight_recommendation,20.0 pound,corroborated,4,20 pound,9.0718 kilogram,20 pound,20 pound,LB | Up to 20LB,https://m.media-amazon.com/images/I/51gftlIWqCS.jpg,,,,
141,11905,voltage,"[110.0, 130.0] volt",corroborated,4,130 volt,130 volt,110 volt,130 volt,E27 | UP TO 100W | 110 - 130 V,https://m.media-amazon.com/images/I/61VkvWvKd0L.jpg,,,,
142,12147,voltage,12.0 volt,corroborated,2,12 volt,abstain,abstain,12 volt,DC 12V | 60W | nesare sur 08Mpa | 5L/min,https://m.media-amazon.com/images/I/41dGja9nAXL.jpg,,,,
143,13530,voltage,12.0 volt,corroborated,3,12 volt,abstain,12 volt,12 volt,10.12 inch | 7.72 inch | 12 volts | 100 FT,https://m.media-amazon.com/images/I/81W1+pphSQL.jpg,,,,
144,16606,voltage,5.0 volt,corroborated,2,5 volt,abstain,abstain,5 volt,"0 2m/6.56ft 20LED 05m/16.4ft 50LED | Model Number: XYB006-RGBWW | Input: 3 xAA4.5V Battery Powered, 5V USB Powered | Friedrich-Alfred-Straße 184 Duisburg 47226 Deutsc",https://m.media-amazon.com/images/I/51f-BzoZN4L.jpg,,,,
145,21651,voltage,36.0 volt,corroborated,2,36 volt,abstain,abstain,36 volt,36 V / 7.8Ah | 25mls/40KM on a single charge | 4-5 hrs FAST | 4-5,https://m.media-amazon.com/images/I/81r2xFsAbkL.jpg,,,,
146,28155,voltage,230.0 volt,corroborated,4,230 volt,230 volt,230 volt,230 volt,SOLAR D3 UV | 3&4 | D3t | E27 | AC 230V,https://m.media-amazon.com/images/I/91vPH2wKVzL.jpg,,,,
147,33306,voltage,48.0 volt,corroborated,4,48 volt,48 volt,48 volt,48 volt,48V | Power: 1000W | SW900,https://m.media-amazon.com/images/I/71J5e5mDFNL.jpg,,,,
148,54076,voltage,1.5 volt,corroborated,3,1.5 volt,1.5 volt,abstain,1.5 volt,"• Insert three 1.5v ""AA"" size batteries. | Requires 3x AA",https://m.media-amazon.com/images/I/61rbBHeZJlL.jpg,,,,
149,55173,voltage,12.0 volt,corroborated,2,12 volt,abstain,abstain,12 volt,-3210 | DC 12V | 1100W | тех 1.1Мра | 8L/min,https://m.media-amazon.com/images/I/61Brjb9+cCL.jpg,,,,
150,63520,voltage,120.0 volt,corroborated,2,120 volt,abstain,abstain,120 volt,"E12 /120V/ 7W | 0.9"" | For E12 Sockets",https://m.media-amazon.com/images/I/61U2OPmedwL.jpg,,,,
151,66743,voltage,"[86.0, 265.0] volt",corroborated,2,265 volt,abstain,abstain,265 volt,120mm | Ф260mm- | Voltage: AC 86-265V 50-60Hz | Power: 30W,https://m.media-amazon.com/images/I/61fCQ2xrmrL.jpg,,,,
152,67712,voltage,5.0 volt,corroborated,2,5 volt,abstain,abstain,5 volt,Product Number: DS117N | Rated Power: 5.5W | USB Input: 5V =1.5A | 3000K-4000k-5000k | Battery Capacity: 1800mAH | Package Size: 281*40*40mm | N.W: 161g | TANMET INT'L BUSINE,https://m.media-amazon.com/images/I/71Re1oL73+L.jpg,,,,
153,77220,voltage,120.0 volt,corroborated,4,120 volt,120 volt,120 volt,120 volt,"2 Nozzles | SL-401 | AC 120V 60Hz 15W | 1.To redlice the nak of alecine shock, connert only te a propetty | 2.To Reduca The Risk OF Electric Shock, Install Cily QuA | 3.R",https://m.media-amazon.com/images/I/61u6C+dgvBL.jpg,,,,
154,89385,voltage,48.0 volt,corroborated,4,48 volt,48 volt,48 volt,48 volt,48V 17.4AH 835.5WH | 65 Battery Cells | 40-50 miles | 60-70 miles | :100 | 7.5Hours,https://m.media-amazon.com/images/I/71iq1OPyGPL.jpg,,,,
155,103667,voltage,48.0 volt,corroborated,3,48 volt,48 volt,abstain,48 volt,31AH | 1488WH | 48V 18AH | 48VA3AH | 70-90 Miles | 120-140 Miles,https://m.media-amazon.com/images/I/71-gpw6s3oL.jpg,,,,
156,103965,voltage,12.0 volt,corroborated,3,12 volt,12 volt,abstain,12 volt,F50-12V,https://m.media-amazon.com/images/I/51YYjtTivhL.jpg,,,,
157,7861,wattage,2.14 watt,corroborated,4,2.14 watt,2.14 watt,2.14 watt,2.14 watt,120mm | 1 | 120mm | 25ml | 25mm | 1100RPM | 30.5CFM | 12V | 0.6mm-H20 | 24dBA | 0.84A+0.25A | 2.14W,https://m.media-amazon.com/images/I/61ETy7XhLKL.jpg,,,,
158,8254,wattage,120.0 watt,corroborated,4,120 watt,120 watt,120 watt,120 watt,30 minutes for | 120 w | 9000 ра,https://m.media-amazon.com/images/I/51pwUbr43rL.jpg,,,,
159,23850,wattage,60.0 watt,corroborated,4,60 watt,60 watt,60 watt,60 watt,12.2cm(4.8inch) | 090 | MIN: 83.1cm(32.7inch) | MAX:230cm(90.55inch)g | Ф90cm(35.5inch) | E26 Bulb Base | Max Wattage:60W | 90cm(35.5inch),https://m.media-amazon.com/images/I/719wO43wjGL.jpg,,,,
160,43464,wattage,60.0 watt,corroborated,4,60 watt,60 watt,60 watt,60 watt,"MAX 45.5"" | 8"" | 10"" | ( Bulb base:E26 ) | 110A-C | 60W MAX",https://m.media-amazon.com/images/I/61Ueo12We7L.jpg,,,,
161,52930,wattage,100.0 watt,corroborated,2,100 watt,abstain,abstain,100 watt,100W42PD,https://m.media-amazon.com/images/I/51a-J1s5tSL.jpg,,,,
162,60478,wattage,30.0 watt,corroborated,3,30 watt,abstain,30 watt,30 watt,4.72 in / 12 cm | 30W-IP66 | 6.14 in / 15.6 cm | 33mm/0.99in,https://m.media-amazon.com/images/I/61Q-V9mrL+S.jpg,,,,
163,67474,wattage,60.0 watt,corroborated,4,60 watt,60 watt,60 watt,60 watt,Compatible with E26 Base Bulbs (60W MAX),https://m.media-amazon.com/images/I/711uPOp351L.jpg,,,,
164,76559,wattage,100.0 watt,corroborated,2,100 watt,abstain,abstain,100 watt,"Pixel 2xl, Pixel C, Nexus 5X/ 6P, | OnePlus 2/3T Samsung Galaxy S8/S8+ | Note 8/A5 2017, HTC10/011, | Sony Xperia XZ, Lumia 950/950XL, | LGG5/G6, Asus Zen AiO, Lenovo Z",https://m.media-amazon.com/images/I/71zRblMu-zL.jpg,,,,
165,82391,wattage,120.0 watt,corroborated,4,120 watt,120 watt,120 watt,120 watt,16CM | 40CM | 120W | 3000K-6000K | 50*50*16 | G | 180° | 9000K | 1/2/4/8 | 10-202,https://m.media-amazon.com/images/I/61t+mGOhWWL.jpg,,,,
166,91308,wattage,3.0 watt,corroborated,2,3 watt,abstain,abstain,3 watt,9 CM | 12 CM | Input current:Max 1.2A | Power:Max 3W | 2FCOCEO,https://m.media-amazon.com/images/I/71MPW-5uCaL.jpg,,,,
167,95966,wattage,87.0 watt,corroborated,4,87 watt,87 watt,87 watt,87 watt,More Than 4K UHD Big Screen | 87W PD charge | USB 3.0 Port supports fast | date transfer up to 5Gbps | 5 | 6 | 60 | use30,https://m.media-amazon.com/images/I/71Y-3qvx4GL.jpg,,,,
168,104335,wattage,7.0 watt,corroborated,4,7 watt,7 watt,7 watt,7 watt,"Including E27 7W | warm light 3000K bulb, | all lights at 16 feet distance",https://m.media-amazon.com/images/I/71AEh-S83-L.jpg,,,,
169,105829,wattage,60.0 watt,corroborated,2,60 watt,abstain,abstain,60 watt,Support 60W Power Delivry | 80% | 40% | 08 | 08 | 100% | V8/M09 | RJS 2:1 10018,https://m.media-amazon.com/images/I/61Y3UcorJpL.jpg,,,,
170,107270,wattage,25.0 watt,corroborated,4,25 watt,25 watt,25 watt,25 watt,"4 | d and efficient heat dissipation through 4 fan outlets, allowing for u | p to 25W higher thermal headroom in Turbo mode.",https://m.media-amazon.com/images/I/71vVn1ozlqL.jpg,,,,
171,108012,wattage,240.0 watt,corroborated,4,240 watt,240 watt,240 watt,240 watt,(240w,https://m.media-amazon.com/images/I/61qy29PpCzL.jpg,,,,
172,116721,wattage,60.0 watt,corroborated,2,60 watt,abstain,abstain,60 watt,E26 socket | ≤ 60W power,https://m.media-amazon.com/images/I/71LHeUcATfL.jpg,,,,
173,119924,wattage,1.0 watt,corroborated,2,1 watt,abstain,abstain,1 watt,Q1 FINANCIAL | 23% | 55% | 22% | 96EZ | and use less than 1 watt in,https://m.media-amazon.com/images/I/815hLxaGiVL.jpg,,,,
174,124716,wattage,12.0 watt,corroborated,4,12 watt,12 watt,12 watt,12 watt,"10cm/4"" | 12W LED Bulb | 100cm/39.6 | E27 - | 20cm/7.9"" | 30cm/11.9""",https://m.media-amazon.com/images/I/61e9fKFvgQL.jpg,,,,
175,130666,wattage,60.0 watt,corroborated,2,60 watt,abstain,abstain,60 watt,12cm/4.72in | 360° Rotation | Voltage: AC 85-265V | Bulb Base: E27 | : 60W | 8cm/3.14in | 20cm/7.87in | 10.5cm/4.13in,https://m.media-amazon.com/images/I/61hPee0WIML.jpg,,,,
